# Photographed New Hymnal topical index. title | hymn numbers | reading numbers | photos
Adoration and Praise|2 5 16 23 38 10 90 24 3 22 30 86 21 227 12 9 14 17 15 94 13 18 20 19 37 36 6 4 25 26 1 28 27 33 29 31 11 7 34 8 32 35|702 833 698 705 696 704 706 728 699 707 700 708 703 859 718 701 697 785 742 841|3638
Baptism|258 297 333 332 318|759|3638
Child Dedication|146 379||3638
Christian Life||784 787 789 788 790 785 786|3641
Christian Warfare|506 609 611 608 613 607 99 485 619 322 606 612 615 616 614 610 618 617|817 840|3641
Church Dedication|376 235 59 348||3641
Close of Worship|65 64 69 67 68||3641
Communion|397 399 398 402 400 401 409 403 408 396 406 404 405 407 411 410|733 734 771 772 773|3641
Community in Christ|350 347 345 353 349 344 403 346 348 352 351 354 585|777 767|3641
Consecration|547 303 334 302 306 304 305 567 307 486 298 309 311 310 327 593 325 184 313 314 324 317 316 319 69 320 363 507 328 517 321 312 301 322 404 315 323 331 76 574 326 138 330 329 154 155 318 308|786|3641 3642
Early Advent|450 454 440 439 442 441 444 445 446 447 449 448 443 451 453 452 438||3642
Eternal Life|450 421 424 423 425 426 437 420 429 430 422 449 427 431 432 428 433 435 436 453 434 452 464 633|783 749 782 751 750 748 840|3642
Evening Worship|50 46 53 51 47 58 55 57 52 54 49 48 502 56||3643
Faith and Trust|506 528 516 508 526 532 521 85 608 304 527 519 100 520 525 509 535 511 510 513 530 512 514 507 523 517 522 104 533 192 518 515 546 552 524 590 529 531 534|799 698 800|3643
Forgiveness|299 297 298 300|758 762 711 798 761 742 814|3643
God the Father: Faithfulness|461 101 99 100 190 104 103 37 80 195 102|740 720 725 722 801 696 715 704 721 723 751 724 701 727 726|3643
God the Father: Grace and Mercy|108 113 477 521 527 106 107 110 111 112 109 105 31 114|710 765 725 722 728 832 727 726 831|3643 3644
God the Father: Love|78 74 148 79 77 76 80 75 114 81|710 712 713 711 703 798|3644
God the Father: Majesty and Power|82 85 90 84 87 86 88 21 12 89 83 29 35 91|715 714 838 716|3644
God the Father: Power in Nature|2 93 98 640 565 88 111 89 97 94 63 95 96 92 35|712 706 714 719 803 718 785 717 769 760|3644
Guidance|547 550 482 540 536 538 537 539 543 542 553 551 544 541 549 548 554 545 555 546 552|802 801 721 724 716 726|3644 3645
Health and Wholeness|643 644 333 642|824 822 711 823|3645
Holy Scriptures|271 277 272 273 278 275 274 276 286|753 754|3645
Holy Spirit|258 265 257 269 259 263 268 260 264 270 326 267 266 262 261|776 839 737 752|3645
Hope and Comfort|472 475 476 477 181 525 473 301 315 498 474 529 494 631|782 796 832 745 726 729|3645
Humility|567 313 314 568 570 569 571|804 805|3645
Invitation|476 280 284 288 281 282 285 283 180 279 287 289 290 286|755 744|3645
Jesus Christ: Birth|119 142 129 123 124 128 121 136 122 126 127 130 125 131 133 132 134 135 138 143 118 120 140 137 141 139|842 837 730 844 731|3645 3646
Jesus Christ: First Advent|204 115 116 117|729 835 836|3646
Jesus Christ: Glory and Praise|228 230 229 232 231 235 234 147 233 252 247 24 240 251 238 255 236 237 239 241 242 243 245 244 250 248 249 254 253 162 246 256|843 751 842 736 841 735|3646
Jesus Christ: Kingdom and Reign|223 225 222 227 226 221 224|783 749 750 748|3646
Jesus Christ: Life and Ministry|147 255 146 151 148 144 333 149 153 145 152 150|732 842|3646
Jesus Christ: Love for Us|189 198 182 532 181 539 183 186 185 190 184 187 191 188 248 18 192 193 195 194 196 199 197|782 740 713 772 743 745 744 742 807 741 800|3646 3647
Jesus Christ: Priesthood|177 39 180 178 179|739 778 738|3647
Jesus Christ: Resurrection and Ascension|228 167 168 526 166 169 170 173 176 165 175 174 172 171|737 785 736 735|3647
Jesus Christ: Second Advent|201 415 204 454 206 205 202 626 207 213 211 602 19 448 630 174 209 117 217 215 200 208 203 212 210 598 592 214 604 220 218 219 216 438|747 751 816 746 737 781 729|3647
Jesus Christ: Sufferings and Death|163 157 288 156 160 159 164 161 158 154 155 162|733 734 842|3647
Joy and Peace|468 472 461 462 471 465 237 530 239 469 467 463 470 464 631 466|758 784 793 796 811 757 748 743 795 807 792 818 794|3647 3648
Judgment|415 418 19 417 416|779 778 780|3648
Law and Grace|412|753 797 774 775|3648
Love for One Another|589 587 12 588 586 585|809 812 787 808 805 732 813 713 811 790 827|3648
Love in the Home|655 651 653 467 654 652 650 579 379|829 826 793 827 828|3648
Love of Country|645 648 649 647 646|825|3648
Loving Service|576 357 572 236 573 577 575 363 574 578 584 580 579 571 581 582 583|806 809 787 808 813 743 795 844 807 814 810|3648 3649
Marriage|658 659 657 656|830|3649
Meditation and Prayer|503 460 488 480 481 496 482 493 293 486 485 505 483 484 487 491 489 490 241 492 504 495 497 498 502 478 500 501 479 494 499|804 797 798 834|3649
Mission of the Church|356 369 370 357 358 360 359 361 372 288 457 374 362 371 654 363 364 366 365 367 615 373 368 355 375|806 759 776 768 737 729 780 800|3649
Morning Worship|233 3 39 44 42 41 45 498 40 43||3649
New Year|23 342 105|760|3649
Obedience|591 590|789 813 822 763 791 814 775 800 828|3650
Opening of Worship|60 61 59 62 63||3650
Ordination|639 377 378 541 578||3650
Our Love for God|459 460 457 455 458 456 638|791|3650
Pilgrimage|628 629 621 538 625 440 442 441 624 623 444 445 626 627 151 447 422 620 630 451 632 633|819 818|3650
Repentance|295 293 292 296 569 294 291|756 757 743 755|3650
Resurrection of the Saints|418 442 419|771 781|3650
Sabbath|395 387 385 392 388 394 381 389 393 382 383 384 40 56 386 390 380 391|769 770|3651
Salvation and Redemption|334 339 520 281 343 342 340 430 97 180 67 431 337 338 336 341 335|749 806 782 739 765 789 696 715 843 762 778 719 859 764 761 763 745 766 716 807 841 760|3651
Sentences and Responses|665 693 663 671 682 686 666 685 689 690 660 678 679 66 684 677 661 680 683 691 662 667 673 675 668 694 695 664 674 672 688 669 687 692 681 676 670||3651
Spiritual Gifts|414 413 192|777 776|3651 3652
Spirituals|475 305 121 624 627 151 403 319 69 138 580 158||3652
Stewardship|639 634 640 572 641 636 635 105 637 638 670|821 700 820|3652
Thankfulness|556 562 557 566 564 565 558 560 559 68 563 27 145 561|702 712 728 723 803 711 859|3652
Trinity|235 234 71 72 73 116 70|709|3652
Watchfulness|603 594 600 593 595 596 605 602 599 598 592 601 604 597|747 816 746 815|3652
